status,trade_id,symbol,direction,strategy,confidence,entry_time,entry_price,exit_time,exit_price,tp_set,sl_set,pnl_gbp,pnl_pips,duration_minutes,position_size,session,day_of_week,hour_of_day,exit_reason,market_regime,volatility_at_entry,spread_pips,atr_pips,order_flow_bias,multi_tf_alignment,max_favorable_excursion_pips,max_adverse_excursion_pips,market_conditions_json,indicators_json
TRADED,99104,GBP_USD,sell,unknown_restart,0.0,2026-02-27T01:01:11.658896897Z,1.34875,2026-02-27T13:37:20.572600735Z,1.34465,0.0,0.0,85.8698,40.99999999999993,756,28302.0,,Friday,1,take_profit,,,,,,,,,{},{}
TRADED,99097,USD_CAD,buy,unknown_restart,0.0,2026-02-26T15:27:03.032383596Z,1.37063,2026-02-27T15:08:20.459378456Z,1.36473,0.0,0.0,-143.8284,-59.00000000000016,1421,44556.0,,Thursday,15,stop_loss,,,,,,,,,{},{}
TRADED,99070,AUD_USD,buy,unknown_restart,0.0,2026-02-23T08:31:25.450855485Z,0.70793,2026-02-25T17:26:37.099070449Z,0.71202,0.0,0.0,97.6399,40.90000000000038,3415,32543.0,,Monday,8,take_profit,,,,,,,,,{},{}
TRADED,99066,USD_CAD,sell,unknown_restart,0.0,2026-02-23T00:07:09.652765003Z,1.36509,2026-02-24T01:18:19.506985511Z,1.37098,0.0,0.0,-124.3588,-58.900000000001725,1511,38836.0,,Monday,0,stop_loss,,,,,,,,,{},{}
TRADED,99062,EUR_USD,buy,unknown_restart,0.0,2026-02-23T00:03:12.924465324Z,1.18275,2026-02-24T04:32:50.746830511Z,1.17683,0.0,0.0,-124.9367,-59.19999999999925,1709,28309.0,,Monday,0,stop_loss,,,,,,,,,{},{}
TRADED,99047,GBP_USD,buy,unknown_restart,0.0,2026-02-20T15:15:53.651807611Z,1.35035,2026-02-25T16:43:18.100312675Z,1.35451,0.0,0.0,108.117,41.600000000001636,7287,35382.0,,Friday,15,take_profit,,,,,,,,,{},{}
TRADED,99039,NZD_USD,sell,unknown_restart,0.0,2026-02-20T02:23:11.188069375Z,0.59419,2026-02-22T23:54:43.597620031Z,0.60009,0.0,0.0,-133.3726,-59.00000000000016,4171,30424.0,,Friday,2,stop_loss,,,,,,,,,{},{}
TRADED,99035,AUD_USD,sell,unknown_restart,0.0,2026-02-20T01:52:27.993933476Z,0.70281,2026-02-20T15:01:44.117505993Z,0.7087,0.0,0.0,-130.285,-58.89999999999951,789,29716.0,,Friday,1,stop_loss,,,,,,,,,{},{}
TRADED,99028,USD_CAD,buy,unknown_restart,0.0,2026-02-19T14:44:10.510969919Z,1.37091,2026-02-22T23:57:57.637313983Z,1.365,0.0,0.0,-157.6115,-59.10000000000082,4873,49010.0,,Thursday,14,stop_loss,,,,,,,,,{},{}
TRADED,99025,USD_CAD,buy,unknown_restart,0.0,2026-02-19T14:42:00.757980775Z,1.3715,2026-02-22T23:50:05.214731806Z,1.3656,0.0,0.0,-151.2985,-59.00000000000016,4868,47123.0,,Thursday,14,stop_loss,,,,,,,,,{},{}
TRADED,99018,GBP_USD,sell,unknown_restart,0.0,2026-02-19T14:12:30.083074140Z,1.34463,2026-02-20T15:13:41.532854375Z,1.35057,0.0,0.0,-151.0709,-59.40000000000056,1501,34176.0,,Thursday,14,stop_loss,,,,,,,,,{},{}
TRADED,99010,EUR_USD,sell,unknown_restart,0.0,2026-02-19T12:41:09.394321424Z,1.17721,2026-02-22T23:57:50.681790443Z,1.18312,0.0,0.0,-145.1279,-59.0999999999986,4996,33056.0,,Thursday,12,stop_loss,,,,,,,,,{},{}
TRADED,99004,GBP_USD,sell,unknown_restart,0.0,2026-02-19T10:48:41.600886623Z,1.34895,2026-02-19T14:10:01.295745201Z,1.34486,0.0,0.0,98.3495,40.90000000000149,201,32500.0,,Thursday,10,take_profit,,,,,,,,,{},{}
TRADED,99001,GBP_USD,sell,unknown_restart,0.0,2026-02-19T10:48:12.046446249Z,1.34886,2026-02-19T14:10:03.051912891Z,1.34477,0.0,0.0,98.3462,40.89999999999927,201,32497.0,,Thursday,10,take_profit,,,,,,,,,{},{}
TRADED,98992,USD_CAD,buy,unknown_restart,0.0,2026-02-17T13:59:30.835132477Z,1.36717,2026-02-19T14:36:28.573248598Z,1.3713,0.0,0.0,102.9365,41.29999999999967,2916,46148.0,,Tuesday,13,take_profit,,,,,,,,,{},{}
TRADED,98988,GBP_USD,sell,unknown_restart,0.0,2026-02-17T13:44:56.568106652Z,1.35268,2026-02-19T04:29:26.528598235Z,1.34857,0.0,0.0,102.8322,41.10000000000058,2324,33909.0,,Tuesday,13,take_profit,,,,,,,,,{},{}
TRADED,98984,EUR_USD,sell,unknown_restart,0.0,2026-02-17T13:43:51.221667132Z,1.18184,2026-02-19T11:37:57.111139383Z,1.17777,0.0,0.0,101.7554,40.70000000000018,2754,33840.0,,Tuesday,13,take_profit,,,,,,,,,{},{}
TRADED,98974,GBP_USD,sell,unknown_restart,0.0,2026-02-17T07:17:33.776574538Z,1.35719,2026-02-17T13:42:44.132148511Z,1.35309,0.0,0.0,86.9858,40.99999999999993,385,28850.0,,Tuesday,7,take_profit,,,,,,,,,{},{}
TRADED,98962,AUD_USD,sell,unknown_restart,0.0,2026-02-13T06:06:02.650870393Z,0.70652,2026-02-20T01:50:55.113973861Z,0.70241,0.0,0.0,85.7288,41.10000000000058,9824,28179.0,,Friday,6,take_profit,,,,,,,,,{},{}
TRADED,98955,EUR_GBP,buy,unknown_restart,0.0,2026-02-12T17:31:21.906607461Z,0.87122,2026-02-26T17:49:31.503509009Z,0.87536,0.0,0.0,91.7797,41.400000000000325,20178,22169.0,,Thursday,17,take_profit,,,,,,,,,{},{}
TRADED,98951,USD_CAD,buy,unknown_restart,0.0,2026-02-12T16:41:49.984872017Z,1.36133,2026-02-17T12:51:03.651571934Z,1.36545,0.0,0.0,97.4854,41.20000000000124,6969,43989.0,,Thursday,16,take_profit,,,,,,,,,{},{}
TRADED,98943,GBP_USD,sell,unknown_restart,0.0,2026-02-12T06:44:46.487645077Z,1.36184,2026-02-17T07:15:07.674191672Z,1.35771,0.0,0.0,85.7856,41.29999999999967,7230,28342.0,,Thursday,6,take_profit,,,,,,,,,{},{}
TRADED,98940,GBP_USD,sell,unknown_restart,0.0,2026-02-12T06:43:29.457354617Z,1.36178,2026-02-17T07:15:07.694457962Z,1.35764,0.0,0.0,85.7701,41.400000000000325,7231,28267.0,,Thursday,6,take_profit,,,,,,,,,{},{}
TRADED,98933,USD_CAD,buy,unknown_restart,0.0,2026-02-12T00:25:46.053108774Z,1.35756,2026-02-12T16:12:02.949505688Z,1.36167,0.0,0.0,81.7529,41.09999999999836,946,37126.0,,Thursday,0,take_profit,,,,,,,,,{},{}
TRADED,98926,USD_CAD,buy,unknown_restart,0.0,2026-02-11T15:31:30.098718955Z,1.36155,2026-02-11T17:29:53.527169335Z,1.35565,0.0,0.0,-145.7251,-59.00000000000016,118,45525.0,,Wednesday,15,stop_loss,,,,,,,,,{},{}
TRADED,98920,USD_CAD,buy,unknown_restart,0.0,2026-02-11T14:04:57.044216491Z,1.35728,2026-02-11T15:30:33.617963176Z,1.36137,0.0,0.0,99.544,40.89999999999927,85,45430.0,,Wednesday,14,take_profit,,,,,,,,,{},{}
TRADED,98916,GBP_USD,sell,unknown_restart,0.0,2026-02-11T14:02:05.594891225Z,1.36487,2026-02-12T06:32:50.313469593Z,1.36082,0.0,0.0,99.4855,40.500000000001094,990,33594.0,,Wednesday,14,take_profit,,,,,,,,,{},{}
TRADED,98912,EUR_USD,sell,unknown_restart,0.0,2026-02-11T14:00:48.738615406Z,1.18605,2026-02-17T13:43:00.186267203Z,1.18199,0.0,0.0,100.0225,40.599999999999525,8622,33499.0,,Wednesday,14,take_profit,,,,,,,,,{},{}
TRADED,98903,GBP_USD,buy,unknown_restart,0.0,2026-02-11T10:48:05.489649094Z,1.37046,2026-02-11T13:30:01.743398402Z,1.36447,0.0,0.0,-142.7213,-59.899999999999395,161,32350.0,,Wednesday,10,stop_loss,,,,,,,,,{},{}
TRADED,98892,AUD_USD,buy,unknown_restart,0.0,2026-02-11T02:34:54.216870781Z,0.71223,2026-02-13T06:04:42.758900672Z,0.70634,0.0,0.0,-125.5562,-58.90000000000062,3089,28849.0,,Wednesday,2,stop_loss,,,,,,,,,{},{}
TRADED,98885,GBP_USD,sell,unknown_restart,0.0,2026-02-10T19:11:08.979810791Z,1.36416,2026-02-11T10:41:34.125250509Z,1.37007,0.0,0.0,-133.8615,-59.0999999999986,930,30876.0,,Tuesday,19,stop_loss,,,,,,,,,{},{}
TRADED,98878,GBP_USD,buy,unknown_restart,0.0,2026-02-09T19:38:35.160495958Z,1.36985,2026-02-10T19:10:36.631568118Z,1.36395,0.0,0.0,-134.2856,-59.00000000000016,1412,30891.0,,Monday,19,stop_loss,,,,,,,,,{},{}
TRADED,98871,USD_CAD,sell,unknown_restart,0.0,2026-02-09T18:09:12.169896116Z,1.35623,2026-02-11T03:25:07.041848231Z,1.35212,0.0,0.0,93.3089,41.10000000000058,1995,42141.0,,Monday,18,take_profit,,,,,,,,,{},{}
TRADED,98868,USD_CAD,sell,unknown_restart,0.0,2026-02-09T18:09:12.047199975Z,1.35619,2026-02-11T03:25:07.138208395Z,1.35208,0.0,0.0,93.3171,41.10000000000058,1995,42143.0,,Monday,18,take_profit,,,,,,,,,{},{}
TRADED,98860,AUD_USD,buy,unknown_restart,0.0,2026-02-09T14:58:36.919844166Z,0.70795,2026-02-11T02:33:11.138095896Z,0.71205,0.0,0.0,98.9981,40.99999999999993,2134,33145.0,,Monday,14,take_profit,,,,,,,,,{},{}
TRADED,98854,EUR_USD,buy,unknown_restart,0.0,2026-02-09T14:12:01.533042387Z,1.19114,2026-02-11T13:30:12.602093245Z,1.18521,0.0,0.0,-143.4932,-59.29999999999991,2838,32829.0,,Monday,14,stop_loss,,,,,,,,,{},{}
TRADED,98848,GBP_USD,buy,unknown_restart,0.0,2026-02-09T12:49:30.807111380Z,1.36534,2026-02-09T19:36:55.652422272Z,1.36942,0.0,0.0,93.2781,40.800000000000836,407,31467.0,,Monday,12,take_profit,,,,,,,,,{},{}
TRADED,98837,EUR_USD,buy,unknown_restart,0.0,2026-02-09T09:05:40.276663881Z,1.18696,2026-02-09T14:11:09.002120212Z,1.19104,0.0,0.0,125.182,40.800000000000836,305,42034.0,,Monday,9,take_profit,,,,,,,,,{},{}
TRADED,98830,GBP_USD,sell,unknown_restart,0.0,2026-02-09T02:07:53.184497997Z,1.3595,2026-02-09T12:48:28.592174984Z,1.36539,0.0,0.0,-161.3696,-58.900000000001725,640,37220.0,,Monday,2,stop_loss,,,,,,,,,{},{}
TRADED,98825,NZD_USD,buy,unknown_restart,0.0,2026-02-09T00:07:12.801503373Z,0.6032,2026-02-12T10:33:35.380966890Z,0.6073,0.0,0.0,112.6931,40.99999999999993,4946,37685.0,,Monday,0,take_profit,,,,,,,,,{},{}
TRADED,98821,EUR_USD,buy,unknown_restart,0.0,2026-02-09T00:04:33.768112770Z,1.18285,2026-02-09T09:05:10.577082720Z,1.18694,0.0,0.0,112.6653,40.90000000000149,540,37686.0,,Monday,0,take_profit,,,,,,,,,{},{}
TRADED,98817,AUD_USD,buy,unknown_restart,0.0,2026-02-09T00:01:07.309583704Z,0.70318,2026-02-09T14:38:57.957899273Z,0.70727,0.0,0.0,113.6469,40.89999999999927,877,38072.0,,Monday,0,take_profit,,,,,,,,,{},{}
TRADED,98770,EUR_AUD,sell,unknown_restart,0.0,2026-02-03T03:51:36.567937772Z,1.68289,2026-02-04T15:01:58.298742369Z,1.6856,0.0,0.0,-72.8624,-27.099999999999902,2110,52235.0,,Tuesday,3,CLOSED,,,,,,,,,{},{}
TRADED,98719,USD_CHF,sell,unknown_restart,0.0,2026-01-25T22:21:10.984239283Z,0.77531,2026-01-28T19:02:47.163939177Z,0.77241,0.0,0.0,312.1737,29.000000000000135,4121,114959.0,,Sunday,22,CLOSED,,,,,,,,,{},{}
TRADED,98588,AUD_CHF,sell,unknown_restart,0.0,2025-12-18T00:09:00.764674500Z,0.52451,2026-02-09T12:08:45.659009947Z,0.54285,0.0,0.0,-1450.5443,-183.40000000000023,77039,82758.0,,Thursday,0,CLOSED,,,,,,,,,{},{}
TRADED,98584,AUD_CHF,sell,unknown_restart,0.0,2025-12-18T00:07:34.567783960Z,0.52456,2026-02-09T12:08:45.659009947Z,0.54285,0.0,0.0,-1484.5732,-182.9000000000003,77041,84931.0,,Thursday,0,CLOSED,,,,,,,,,{},{}
TRADED,99120,GBP_USD,sell,unknown_restart,0.0,2026-02-27T17:00:24.076938086Z,1.34532,2026-03-01T22:04:55.063559076Z,1.34115,0.0,0.0,94.9078,41.700000000000074,3184,30671.0,,Friday,17,take_profit,,,,,,,,,{},{}
TRADED,99093,AUD_USD,sell,unknown_restart,0.0,2026-02-26T15:02:49.846227690Z,0.70986,2026-03-01T22:04:55.026965708Z,0.70478,0.0,0.0,121.0848,50.80000000000084,4742,32308.0,,Thursday,15,take_profit,,,,,,,,,{},{}
TRADED,99131,AUD_USD,sell,trend_following,0.8550000000000001,2026-03-02T00:04:00.856390,0.7056,2026-03-02T03:23:15.027168903Z,0.71154,0.701535,0.711535,-125.0029,-59.39999999999945,199,28168,tokyo,Monday,0,stop_loss,,,,,,,,,{},{}
TRADED,99083,EUR_USD,sell,unknown_restart,0.0,2026-02-24T07:51:53.635540893Z,1.17752,2026-03-02T06:40:03.911928750Z,1.1734,0.0,0.0,83.5642,41.199999999999015,8568,27272.0,,Tuesday,7,take_profit,,,,,,,,,{},{}
TRADED,99141,AUD_USD,buy,unknown_restart,0.0,2026-03-02T03:25:06.904354809Z,0.71155,2026-03-02T07:09:53.335558351Z,0.70563,0.0,0.0,-125.7972,-59.200000000000365,224,28268.0,,Monday,3,stop_loss,,,,,,,,,{},{}
TRADED,99135,GBP_USD,sell,trend_following,0.8800000000000001,2026-03-02T00:06:40.744060,1.34019,2026-03-02T07:16:59.246218922Z,1.33614,1.336145,1.346145,86.2849,40.49999999999887,430,28608,tokyo,Monday,0,take_profit,,,,,,,,,{},{}
TRADED,99159,GBP_USD,sell,trend_following,0.89,2026-03-02T08:02:41.613864,1.3367,2026-03-02T08:31:06.931921772Z,1.33264,1.3326425,1.3426425,99.7212,40.599999999999525,28,32895,tokyo_london_overlap,Monday,8,take_profit,,,,,,,,,{},{}
TRADED,99165,GBP_USD,sell,momentum_pullback,0.95,2026-03-02T08:46:10.055470,1.33415,2026-03-02T10:35:45.250612337Z,1.34009,1.3300925,1.3400925,-152.0547,-59.40000000000056,109,34132,tokyo_london_overlap,Monday,8,stop_loss,,,,,,,,,{},{}
TRADED,99074,NZD_USD,sell,unknown_restart,0.0,2026-02-23T16:21:33.009700527Z,0.59661,2026-03-02T15:52:06.873010155Z,0.59252,0.0,0.0,98.9953,40.89999999999927,10050,32526.0,,Monday,16,take_profit,,,,,,,,,{},{}
TRADED,99155,EUR_USD,sell,unknown_restart,0.0,2026-03-02T07:28:20.059236353Z,1.17228,2026-03-02T15:57:21.330206127Z,1.16819,0.0,0.0,86.9946,40.89999999999927,509,28578.0,,Monday,7,take_profit,,,,,,,,,{},{}
TRADED,99112,USD_CAD,sell,unknown_restart,0.0,2026-02-27T15:09:33.515589950Z,1.3648,2026-03-02T16:05:20.411935584Z,1.37072,0.0,0.0,-145.9921,-59.19999999999925,4375,44966.0,,Friday,15,stop_loss,,,,,,,,,{},{}
TRADED,99116,EUR_GBP,buy,unknown_restart,0.0,2026-02-27T16:02:33.105945212Z,0.87823,2026-03-02T17:31:11.063801161Z,0.87231,0.0,0.0,-144.6552,-59.19999999999925,4408,24435.0,,Friday,16,stop_loss,,,,,,,,,{},{}
TRADED,99151,AUD_USD,sell,unknown_restart,0.0,2026-03-02T07:26:31.227867607Z,0.70606,2026-03-03T01:23:04.606982135Z,0.71196,0.0,0.0,-124.6488,-59.00000000000016,1076,28212.0,,Monday,7,stop_loss,,,,,,,,,{},{}
TRADED,99206,GBP_USD,sell,unknown_restart,0.0,2026-03-03T03:22:55.610990036Z,1.33982,2026-03-03T06:04:29.100259815Z,1.33571,0.0,0.0,86.0363,41.10000000000058,161,28100.0,,Tuesday,3,take_profit,,,,,,,,,{},{}
TRADED,99190,EUR_USD,sell,unknown_restart,0.0,2026-03-02T18:40:51.828213387Z,1.16879,2026-03-03T07:41:32.643600275Z,1.16468,0.0,0.0,93.4775,41.10000000000058,780,30490.0,,Monday,18,take_profit,,,,,,,,,{},{}
TRADED,99212,GBP_USD,sell,unknown_restart,0.0,2026-03-03T06:27:45.212617360Z,1.33624,2026-03-03T08:12:26.185986200Z,1.33213,0.0,0.0,86.1554,41.10000000000058,104,28064.0,,Tuesday,6,take_profit,,,,,,,,,{},{}
TRADED,99200,AUD_USD,buy,unknown_restart,0.0,2026-03-03T01:30:53.403683072Z,0.71144,2026-03-03T08:45:08.970475519Z,0.70554,0.0,0.0,-123.4713,-59.00000000000016,434,27713.0,,Tuesday,1,stop_loss,,,,,,,,,{},{}
TRADED,99218,EUR_USD,sell,unknown_restart,0.0,2026-03-03T07:47:09.382450164Z,1.16546,2026-03-03T09:23:58.770117266Z,1.16137,0.0,0.0,86.4879,40.89999999999927,96,28253.0,,Tuesday,7,take_profit,,,,,,,,,{},{}
TRADED,99173,NZD_USD,sell,momentum_pullback,0.95,2026-03-02T15:53:35.542930,0.59245,2026-03-03T10:19:01.275394333Z,0.58836,0.58837,0.59837,104.0135,40.90000000000038,1105,33985,london_ny_overlap,Monday,15,take_profit,,,,,,,,,{},{}
TRADED,99230,AUD_USD,sell,unknown_restart,0.0,2026-03-03T09:03:12.829763738Z,0.70572,2026-03-03T10:38:29.116273423Z,0.70164,0.0,0.0,95.6991,40.79999999999973,95,31331.0,,Tuesday,9,take_profit,,,,,,,,,{},{}
TRADED,99224,GBP_USD,sell,unknown_restart,0.0,2026-03-03T08:14:27.062944348Z,1.33162,2026-03-03T11:14:37.287629625Z,1.3275,0.0,0.0,104.2854,41.20000000000124,180,33769.0,,Tuesday,8,take_profit,,,,,,,,,{},{}
TRADED,99236,EUR_USD,sell,unknown_restart,0.0,2026-03-03T09:24:20.279919113Z,1.1612,2026-03-03T14:26:01.225979837Z,1.15711,0.0,0.0,96.0063,40.89999999999927,301,31375.0,,Tuesday,9,take_profit,,,,,,,,,{},{}
TRADED,99252,AUD_USD,sell,unknown_restart,0.0,2026-03-03T10:47:30.358834668Z,0.7032,2026-03-03T14:41:51.802642659Z,0.69908,0.0,0.0,101.5351,41.200000000000124,234,32936.0,,Tuesday,10,take_profit,,,,,,,,,{},{}
TRADED,99270,AUD_USD,sell,momentum_pullback,0.95,2026-03-03T14:43:01.730139,0.69888,2026-03-03T15:13:50.666366967Z,0.69476,0.69479,0.70479,106.8172,41.199999999999015,30,34584,london_ny_overlap,Tuesday,14,take_profit,,,,,,,,,{},{}
TRADED,99246,NZD_USD,sell,trend_following,0.9,2026-03-03T10:21:10.701973,0.5883,2026-03-03T15:13:53.692882383Z,0.5842,0.5842149999999999,0.5942149999999999,97.1779,40.99999999999993,292,31613,london,Tuesday,10,take_profit,,,,,,,,,{},{}
TRADED,99181,USD_CAD,buy,unknown_restart,0.0,2026-03-02T16:41:35.822871050Z,1.37053,2026-03-03T15:13:53.812835396Z,1.37463,0.0,0.0,99.3118,40.99999999999993,1352,44409.0,,Monday,16,take_profit,,,,,,,,,{},{}
TRADED,99264,EUR_USD,sell,unknown_restart,0.0,2026-03-03T14:31:14.763713247Z,1.15807,2026-03-03T15:18:05.980243679Z,1.15398,0.0,0.0,103.1941,40.89999999999927,46,33628.0,,Tuesday,14,take_profit,,,,,,,,,{},{}
TRADED,99280,AUD_USD,sell,volatility_breakout,0.8999999999999999,2026-03-03T15:16:50.230243,0.69456,2026-03-03T16:05:28.244235386Z,0.70056,0.69056,0.70056,-156.9287,-60.00000000000006,48,34640,london_ny_overlap,Tuesday,15,stop_loss,,,,,,,,,{},{}
TRADED,99294,USD_CAD,buy,unknown_restart,0.0,2026-03-03T15:29:05.190963451Z,1.37281,2026-03-03T16:43:49.550362990Z,1.3669,0.0,0.0,-160.1513,-59.10000000000082,74,49087.0,,Tuesday,15,stop_loss,,,,,,,,,{},{}
TRADED,99258,GBP_USD,sell,momentum_pullback,0.95,2026-03-03T11:15:58.955104,1.32709,2026-03-03T16:46:56.168589994Z,1.33304,1.3230350000000002,1.3330350000000002,-148.9324,-59.499999999999,330,33199,london,Tuesday,11,stop_loss,,,,,,,,,{},{}
TRADED,99290,EUR_USD,sell,momentum_pullback,0.95,2026-03-03T15:27:20.022230,1.15494,2026-03-03T18:32:43.008266858Z,1.16087,1.1508699999999998,1.1608699999999998,-160.0235,-59.29999999999991,185,35831,london_ny_overlap,Tuesday,15,stop_loss,,,,,,,,,{},{}
TRADED,99286,NZD_USD,sell,unknown_restart,0.0,2026-03-03T15:22:41.602002449Z,0.58403,2026-03-03T18:41:18.738571049Z,0.58995,0.0,0.0,-147.1943,-59.19999999999925,198,33056.0,,Tuesday,15,stop_loss,,,,,,,,,{},{}
